seq,#,Group,Group Label,Block,Block Label,Stage,Stage Label,Source,Status,Rows,Phase,Note,Description,Loop в†’,Bid: excavation,Work: excavation,Fallback: excavation,Bid: Last Minute: excavation,Bid: shoring,Work: shoring,Fallback: shoring,Bid: Last Minute: shoring,Bid: demolition,Work: demolition,Fallback: demolition,Bid: Last Minute: demolition,Bid: temporary-fencing,Work: temporary-fencing,Fallback: temporary-fencing,Bid: Last Minute: temporary-fencing,Bid: concrete,Work: concrete,Fallback: concrete,Bid: Last Minute: concrete,Bid: waterproofing,Work: waterproofing,Fallback: waterproofing,Bid: Last Minute: waterproofing,Bid: framing,Work: framing,Fallback: framing,Bid: Last Minute: framing,Bid: structural-steel,Work: structural-steel,Fallback: structural-steel,Bid: Last Minute: structural-steel,Bid: masonry,Work: masonry,Fallback: masonry,Bid: Last Minute: masonry,Bid: elevator,Work: elevator,Fallback: elevator,Bid: Last Minute: elevator,Bid: plumbing,Work: plumbing,Fallback: plumbing,Bid: Last Minute: plumbing,Bid: hvac,Work: hvac,Fallback: hvac,Bid: Last Minute: hvac,Bid: electrical,Work: electrical,Fallback: electrical,Bid: Last Minute: electrical,Bid: drain-plumbing,Work: drain-plumbing,Fallback: drain-plumbing,Bid: Last Minute: drain-plumbing,Bid: fire-protection,Work: fire-protection,Fallback: fire-protection,Bid: Last Minute: fire-protection,Bid: roofing,Work: roofing,Fallback: roofing,Bid: Last Minute: roofing,Bid: insulation,Work: insulation,Fallback: insulation,Bid: Last Minute: insulation,Bid: glazing,Work: glazing,Fallback: glazing,Bid: Last Minute: glazing,Bid: windows,Work: windows,Fallback: windows,Bid: Last Minute: windows,Bid: drywall,Work: drywall,Fallback: drywall,Bid: Last Minute: drywall,Bid: painting,Work: painting,Fallback: painting,Bid: Last Minute: painting,Bid: flooring,Work: flooring,Fallback: flooring,Bid: Last Minute: flooring,Bid: tiling,Work: tiling,Fallback: tiling,Bid: Last Minute: tiling,Bid: trim-work,Work: trim-work,Fallback: trim-work,Bid: Last Minute: trim-work,Bid: millwork-cabinetry,Work: millwork-cabinetry,Fallback: millwork-cabinetry,Bid: Last Minute: millwork-cabinetry,Bid: stone-countertops,Work: stone-countertops,Fallback: stone-countertops,Bid: Last Minute: stone-countertops,Bid: security,Work: security,Fallback: security,Bid: Last Minute: security,Bid: eavestrough-siding,Work: eavestrough-siding,Fallback: eavestrough-siding,Bid: Last Minute: eavestrough-siding,Bid: caulking,Work: caulking,Fallback: caulking,Bid: Last Minute: caulking,Bid: solar,Work: solar,Fallback: solar,Bid: Last Minute: solar,Bid: landscaping,Work: landscaping,Fallback: landscaping,Bid: Last Minute: landscaping,Bid: paving,Work: paving,Fallback: paving,Bid: Last Minute: paving,Bid: decking-fences,Work: decking-fences,Fallback: decking-fences,Bid: Last Minute: decking-fences,Bid: decks,Work: decks,Fallback: decks,Bid: Last Minute: decks,Bid: back-yard-fences,Work: back-yard-fences,Fallback: back-yard-fences,Bid: Last Minute: back-yard-fences,Bid: outdoor-patio,Work: outdoor-patio,Fallback: outdoor-patio,Bid: Last Minute: outdoor-patio,Bid: pool-installation,Work: pool-installation,Fallback: pool-installation,Bid: Last Minute: pool-installation,Bid: realtor,Work: realtor,Fallback: realtor,Bid: Last Minute: realtor,Group Color,Group Icon,Block Color,Block Icon,Stage Color,Stage Icon
1,70,C1,CoA Intake,B1.A,Applications,a,Received,coa.status,Application Received,10,P1,Path A entry,File received at CoA intake desk; processing not yet begun,вЂ”,вњ“,,,,вњ“,,,,вњ“,,,,вњ“,,,,вњ“,,,,вњ“,,,,вњ“,,,,вњ“,,,,вњ“,,,,вњ“,,,,вњ“,,,,вњ“,,,,вњ“,,,,вњ“,,,,вњ“,,,,вњ“,,,,вњ“,,,,вњ“,,,,вњ“,,,,вњ“,,,,вњ“,,,,вњ“,,,,вњ“,,,,вњ“,,,,вњ“,,,,вњ“,,,,вњ“,,,,вњ“,,,,вњ“,,,,вњ“,,,,вњ“,,,,вњ“,,,,вњ“,,,,вњ“,,,,вњ“,,,,вњ“,,,,вњ“,,,,вњ“,,,,#CFFAFE,рџ“Ё,#CFFAFE,рџ“Ё,#CFFAFE,рџ“Ё
2,71,C1,CoA Intake,B1.A,Applications,b,Accepted,coa.status,Accepted,279,P1,Fee paid,Intake fee paid; file accepted into CoA queue awaiting notice prep,вЂ”,вњ“,,,,вњ“,,,,вњ“,,,,вњ“,,,,вњ“,,,,вњ“,,,,вњ“,,,,вњ“,,,,вњ“,,,,вњ“,,,,вњ“,,,,вњ“,,,,вњ“,,,,вњ“,,,,вњ“,,,,вњ“,,,,вњ“,,,,вњ“,,,,вњ“,,,,вњ“,,,,вњ“,,,,вњ“,,,,вњ“,,,,вњ“,,,,вњ“,,,,вњ“,,,,вњ“,,,,вњ“,,,,вњ“,,,,вњ“,,,,вњ“,,,,вњ“,,,,вњ“,,,,вњ“,,,,вњ“,,,,вњ“,,,,вњ“,,,,вњ“,,,,#CFFAFE,рџ“Ё,#CFFAFE,рџ“Ё,#CFFAFE,рџ“Ё
3,72,C1,CoA Intake,B1.B,Hearing Prep,a,Notice Prep,coa.status,Prepare Notice,54,P2,Drafting,Staff drafting the notice of hearing (mailed to neighbors in 60m radius),вЂ”,вњ“,,,,вњ“,,,,вњ“,,,,вњ“,,,,вњ“,,,,вњ“,,,,вњ“,,,,вњ“,,,,вњ“,,,,вњ“,,,,вњ“,,,,вњ“,,,,вњ“,,,,вњ“,,,,вњ“,,,,вњ“,,,,вњ“,,,,вњ“,,,,вњ“,,,,вњ“,,,,вњ“,,,,вњ“,,,,вњ“,,,,вњ“,,,,вњ“,,,,вњ“,,,,вњ“,,,,вњ“,,,,вњ“,,,,вњ“,,,,вњ“,,,,вњ“,,,,вњ“,,,,вњ“,,,,вњ“,,,,вњ“,,,,вњ“,,,,вњ“,,,,#CFFAFE,рџ“Ё,#CFFAFE,рџ“Ё,#CFFAFE,рџ“Ё
4,73,C1,CoA Intake,B1.B,Hearing Prep,b,Notice Prepared,coa.status,Notice Prepared,74,P2,Ready to mail,Notice of hearing drafted; ready for mailing,вЂ”,вњ“,,,,вњ“,,,,вњ“,,,,вњ“,,,,вњ“,,,,вњ“,,,,вњ“,,,,вњ“,,,,вњ“,,,,вњ“,,,,вњ“,,,,вњ“,,,,вњ“,,,,вњ“,,,,вњ“,,,,вњ“,,,,вњ“,,,,вњ“,,,,вњ“,,,,вњ“,,,,вњ“,,,,вњ“,,,,вњ“,,,,вњ“,,,,вњ“,,,,вњ“,,,,вњ“,,,,вњ“,,,,вњ“,,,,вњ“,,,,вњ“,,,,вњ“,,,,вњ“,,,,вњ“,,,,вњ“,,,,вњ“,,,,вњ“,,,,вњ“,,,,#CFFAFE,рџ“Ё,#CFFAFE,рџ“Ё,#CFFAFE,рџ“Ё
5,74,C1,CoA Intake,B1.B,Hearing Prep,c,Tentatively Scheduled,coa.status,Tentatively Scheduled,118,P2,Calendar,Hearing tentatively placed on committee calendar; date may shift,вЂ”,вњ“,,,,вњ“,,,,вњ“,,,,вњ“,,,,вњ“,,,,вњ“,,,,вњ“,,,,вњ“,,,,вњ“,,,,вњ“,,,,вњ“,,,,вњ“,,,,вњ“,,,,вњ“,,,,вњ“,,,,вњ“,,,,вњ“,,,,вњ“,,,,вњ“,,,,вњ“,,,,вњ“,,,,вњ“,,,,вњ“,,,,вњ“,,,,вњ“,,,,вњ“,,,,вњ“,,,,вњ“,,,,вњ“,,,,вњ“,,,,вњ“,,,,вњ“,,,,вњ“,,,,вњ“,,,,вњ“,,,,вњ“,,,,вњ“,,,,вњ“,,,,#CFFAFE,рџ“Ё,#CFFAFE,рџ“Ё,#CFFAFE,рџ“Ё
6,75,C1,CoA Intake,B1.B,Hearing Prep,d,Hearing Scheduled,coa.status,Hearing Scheduled,317,P2,Confirmed,"Confirmed hearing date; notice mailed (Spec В§3.1 ""Public Hearing Scheduled"")",вЂ”,вњ“,,,,вњ“,,,,вњ“,,,,вњ“,,,,вњ“,,,,вњ“,,,,вњ“,,,,вњ“,,,,вњ“,,,,вњ“,,,,вњ“,,,,вњ“,,,,вњ“,,,,вњ“,,,,вњ“,,,,вњ“,,,,вњ“,,,,вњ“,,,,вњ“,,,,вњ“,,,,вњ“,,,,вњ“,,,,вњ“,,,,вњ“,,,,вњ“,,,,вњ“,,,,вњ“,,,,вњ“,,,,вњ“,,,,вњ“,,,,вњ“,,,,вњ“,,,,вњ“,,,,вњ“,,,,вњ“,,,,вњ“,,,,вњ“,,,,вњ“,,,,#CFFAFE,рџ“Ё,#CFFAFE,рџ“Ё,#CFFAFE,рџ“Ё
7,76,C1,CoA Intake,B1.B,Hearing Prep,e,Hearing Rescheduled,coa.status,Hearing Rescheduled,1,P2,Moved,Originally-scheduled hearing moved to a new date,в†© #75,вњ“,,,,вњ“,,,,вњ“,,,,вњ“,,,,вњ“,,,,вњ“,,,,вњ“,,,,вњ“,,,,вњ“,,,,вњ“,,,,вњ“,,,,вњ“,,,,вњ“,,,,вњ“,,,,вњ“,,,,вњ“,,,,вњ“,,,,вњ“,,,,вњ“,,,,вњ“,,,,вњ“,,,,вњ“,,,,вњ“,,,,вњ“,,,,вњ“,,,,вњ“,,,,вњ“,,,,вњ“,,,,вњ“,,,,вњ“,,,,вњ“,,,,вњ“,,,,вњ“,,,,вњ“,,,,вњ“,,,,вњ“,,,,вњ“,,,,вњ“,,,,#CFFAFE,рџ“Ё,#CFFAFE,рџ“Ё,#CFFAFE,рџ“Ё
8,77,C1,CoA Intake,B1.C,Hearing Pause,a,Postponed,coa.status,Postponed,292,P2,Procedural (weeks),"Hearing postponed BEFORE committee heard case вЂ” procedural (notice defect, applicant request)",в†© #75,вњ“,,,,вњ“,,,,вњ“,,,,вњ“,,,,вњ“,,,,вњ“,,,,вњ“,,,,вњ“,,,,вњ“,,,,вњ“,,,,вњ“,,,,вњ“,,,,вњ“,,,,вњ“,,,,вњ“,,,,вњ“,,,,вњ“,,,,вњ“,,,,вњ“,,,,вњ“,,,,вњ“,,,,вњ“,,,,вњ“,,,,вњ“,,,,вњ“,,,,вњ“,,,,вњ“,,,,вњ“,,,,вњ“,,,,вњ“,,,,вњ“,,,,вњ“,,,,вњ“,,,,вњ“,,,,вњ“,,,,вњ“,,,,вњ“,,,,вњ“,,,,#CFFAFE,рџ“Ё,#CFFAFE,рџ“Ё,#FEF9C3,вЏёпёЏ
9,78,C1,CoA Intake,B1.C,Hearing Pause,b,Deferred,coa.status,Deferred,270,P2,Substantive (1вЂ“3 months),"Committee heard case but deferred decision вЂ” substantive (more info needed, neighbor concerns)",в†© #75,вњ“,,,,вњ“,,,,вњ“,,,,вњ“,,,,вњ“,,,,вњ“,,,,вњ“,,,,вњ“,,,,вњ“,,,,вњ“,,,,вњ“,,,,вњ“,,,,вњ“,,,,вњ“,,,,вњ“,,,,вњ“,,,,вњ“,,,,вњ“,,,,вњ“,,,,вњ“,,,,вњ“,,,,вњ“,,,,вњ“,,,,вњ“,,,,вњ“,,,,вњ“,,,,вњ“,,,,вњ“,,,,вњ“,,,,вњ“,,,,вњ“,,,,вњ“,,,,вњ“,,,,вњ“,,,,вњ“,,,,вњ“,,,,вњ“,,,,вњ“,,,,#CFFAFE,рџ“Ё,#CFFAFE,рџ“Ё,#FEF9C3,вЏёпёЏ
10,79,C2,CoA Decision,B2.A,Consent,a,Conditional Consent,coa.status,Conditional Consent,326,P3,Severance/consent,Committee granted consent with conditions (severance/consent applications),вЂ”,вњ“,,,,вњ“,,,,вњ“,,,,вњ“,,,,вњ“,,,,вњ“,,,,вњ“,,,,вњ“,,,,вњ“,,,,вњ“,,,,вњ“,,,,вњ“,,,,вњ“,,,,вњ“,,,,вњ“,,,,вњ“,,,,вњ“,,,,вњ“,,,,вњ“,,,,вњ“,,,,вњ“,,,,вњ“,,,,вњ“,,,,вњ“,,,,вњ“,,,,вњ“,,,,вњ“,,,,вњ“,,,,вњ“,,,,вњ“,,,,вњ“,,,,вњ“,,,,вњ“,,,,вњ“,,,,вњ“,,,,вњ“,,,,вњ“,,,,вњ“,,,,#EDE9FE,вљ–пёЏ,#EDE9FE,вљ–пёЏ,#DCFCE7,вњ…
11,80,C2,CoA Decision,B2.B,Approved,a,Approved,coa.status,Approved,246,P3,Variance OK,Committee approved the variance application as-filed,вЂ”,вњ“,,,,вњ“,,,,вњ“,,,,вњ“,,,,вњ“,,,,вњ“,,,,вњ“,,,,вњ“,,,,вњ“,,,,вњ“,,,,вњ“,,,,вњ“,,,,вњ“,,,,вњ“,,,,вњ“,,,,вњ“,,,,вњ“,,,,вњ“,,,,вњ“,,,,вњ“,,,,вњ“,,,,вњ“,,,,вњ“,,,,вњ“,,,,вњ“,,,,вњ“,,,,вњ“,,,,вњ“,,,,вњ“,,,,вњ“,,,,вњ“,,,,вњ“,,,,вњ“,,,,вњ“,,,,вњ“,,,,вњ“,,,,вњ“,,,,вњ“,,,,#EDE9FE,вљ–пёЏ,#EDE9FE,вљ–пёЏ,#DCFCE7,вњ…
12,81,C2,CoA Decision,B2.B,Approved,b,Approved + Conditions,coa.status,Approved with Conditions,554,P3,Variance OK + conditions,Committee approved variance subject to specific conditions,вЂ”,вњ“,,,,вњ“,,,,вњ“,,,,вњ“,,,,вњ“,,,,вњ“,,,,вњ“,,,,вњ“,,,,вњ“,,,,вњ“,,,,вњ“,,,,вњ“,,,,вњ“,,,,вњ“,,,,вњ“,,,,вњ“,,,,вњ“,,,,вњ“,,,,вњ“,,,,вњ“,,,,вњ“,,,,вњ“,,,,вњ“,,,,вњ“,,,,вњ“,,,,вњ“,,,,вњ“,,,,вњ“,,,,вњ“,,,,вњ“,,,,вњ“,,,,вњ“,,,,вњ“,,,,вњ“,,,,вњ“,,,,вњ“,,,,вњ“,,,,вњ“,,,,#EDE9FE,вљ–пёЏ,#EDE9FE,вљ–пёЏ,#DCFCE7,вњ…
13,82,C2,CoA Decision,B2.C,Refused / Binding,a,Refused,coa.status,Refused,59,P19,Denied,Committee denied the variance application,вЂ”,,,,,,,,,,,,,,,,,,,,,,,,,,,,,,,,,,,,,,,,,,,,,,,,,,,,,,,,,,,,,,,,,,,,,,,,,,,,,,,,,,,,,,,,,,,,,,,,,,,,,,,,,,,,,,,,,,,,,,,,,,,,,,,,,,,,,,,,,,,,,,,,,,,,,,,,,#EDE9FE,вљ–пёЏ,#EDE9FE,вљ–пёЏ,#FECACA,вќЊ
14,83,C2,CoA Decision,B2.C,Refused / Binding,b,Final & Binding,coa.status,Final and Binding,1,P4,Appeal cleared,Decision past 20-day appeal window; legally binding,(terminal),вњ“,,,,вњ“,,,,вњ“,,,,вњ“,,,,вњ“,,,,вњ“,,,,вњ“,,,,вњ“,,,,вњ“,,,,вњ“,,,,вњ“,,,,вњ“,,,,вњ“,,,,вњ“,,,,вњ“,,,,вњ“,,,,вњ“,,,,вњ“,,,,вњ“,,,,вњ“,,,,вњ“,,,,вњ“,,,,вњ“,,,,вњ“,,,,вњ“,,,,вњ“,,,,вњ“,,,,вњ“,,,,вњ“,,,,вњ“,,,,вњ“,,,,вњ“,,,,вњ“,,,,вњ“,,,,вњ“,,,,вњ“,,,,вњ“,,,,вњ“,,,,#EDE9FE,вљ–пёЏ,#EDE9FE,вљ–пёЏ,#DCFCE7,вњ…
15,84,C3,CoA Post-Decision,B3.A,Appeal Window,a,Awaiting Expiry,coa.status,Await Expiry Date,24,P3,20-day window,Decision rendered; waiting for 20-day Toronto appeal window,вЂ”,вњ“,,,,вњ“,,,,вњ“,,,,вњ“,,,,вњ“,,,,вњ“,,,,вњ“,,,,вњ“,,,,вњ“,,,,вњ“,,,,вњ“,,,,вњ“,,,,вњ“,,,,вњ“,,,,вњ“,,,,вњ“,,,,вњ“,,,,вњ“,,,,вњ“,,,,вњ“,,,,вњ“,,,,вњ“,,,,вњ“,,,,вњ“,,,,вњ“,,,,вњ“,,,,вњ“,,,,вњ“,,,,вњ“,,,,вњ“,,,,вњ“,,,,вњ“,,,,вњ“,,,,вњ“,,,,вњ“,,,,вњ“,,,,вњ“,,,,вњ“,,,,#FEF9C3,вЏ°,#FEF9C3,вЏ°,#FEF9C3,вЏ°
16,85,C3,CoA Post-Decision,B3.B,Appeal Initiated,a,Appealed,coa.status,Appealed,1,P3,Transient,Generic appeal flag; channel unspecified or routing pending,вЂ”,,,,,,,,,,,,,,,,,,,,,,,,,,,,,,,,,,,,,,,,,,,,,,,,,,,,,,,,,,,,,,,,,,,,,,,,,,,,,,,,,,,,,,,,,,,,,,,,,,,,,,,,,,,,,,,,,,,,,,,,,,,,,,,,,,,,,,,,,,,,,,,,,,,,,,,,,#FEF9C3,вЏ°,#FEF9C3,вЏ°,#FEF9C3,вЏ°
17,86,C3,CoA Post-Decision,B3.C,Active Appeals,a,TLAB Appeal,coa.status,TLAB Appeal,347,P3,4вЂ“9 months,Decision under appeal at Toronto Local Appeal Body,вЂ”,,,,,,,,,,,,,,,,,,,,,,,,,,,,,,,,,,,,,,,,,,,,,,,,,,,,,,,,,,,,,,,,,,,,,,,,,,,,,,,,,,,,,,,,,,,,,,,,,,,,,,,,,,,,,,,,,,,,,,,,,,,,,,,,,,,,,,,,,,,,,,,,,,,,,,,,,#FEF9C3,вЏ°,#FEF9C3,вЏ°,#FEF9C3,вЏ°
18,87,C3,CoA Post-Decision,B3.C,Active Appeals,b,OMB Appeal,coa.status,OMB Appeal,218,P3,1вЂ“3 years legacy,"Decision under appeal at Ontario Municipal Board (legacy, replaced by TLAB)",вЂ”,,,,,,,,,,,,,,,,,,,,,,,,,,,,,,,,,,,,,,,,,,,,,,,,,,,,,,,,,,,,,,,,,,,,,,,,,,,,,,,,,,,,,,,,,,,,,,,,,,,,,,,,,,,,,,,,,,,,,,,,,,,,,,,,,,,,,,,,,,,,,,,,,,,,,,,,,#FEF9C3,вЏ°,#FEF9C3,вЏ°,#FEF9C3,вЏ°
19,88,C4,CoA Closure,B4.A,Terminal,a,Withdrawn,coa.status,Application Withdrawn,904,P19,Pre-decision,Applicant withdrew the application before decision,(terminal),,,,,,,,,,,,,,,,,,,,,,,,,,,,,,,,,,,,,,,,,,,,,,,,,,,,,,,,,,,,,,,,,,,,,,,,,,,,,,,,,,,,,,,,,,,,,,,,,,,,,,,,,,,,,,,,,,,,,,,,,,,,,,,,,,,,,,,,,,,,,,,,,,,,,,,,,#E2E8F0,рџЏЃ,#E2E8F0,рџЏЃ,#FEE2E2,рџ—‘пёЏ
20,89,C4,CoA Closure,B4.A,Terminal,b,Cancelled,coa.status,Cancelled,1,P19,Admin,Application cancelled (applicant request or administrative),(terminal),,,,,,,,,,,,,,,,,,,,,,,,,,,,,,,,,,,,,,,,,,,,,,,,,,,,,,,,,,,,,,,,,,,,,,,,,,,,,,,,,,,,,,,,,,,,,,,,,,,,,,,,,,,,,,,,,,,,,,,,,,,,,,,,,,,,,,,,,,,,,,,,,,,,,,,,,#E2E8F0,рџЏЃ,#E2E8F0,рџЏЃ,#FEE2E2,рџ—‘пёЏ
21,90,C4,CoA Closure,B4.A,Terminal,c,Complete,coa.status,Complete,8,P20,Done,All required follow-up actions done; file complete,(terminal),,,,,,,,,,,,,,,,,,,,,,,,,,,,,,,,,,,,,,,,,,,,,,,,,,,,,,,,,,,,,,,,,,,,,,,,,,,,,,,,,,,,,,,,,,,,,,,,,,,,,,,,,,,,,,,,,,,,,,,,,,,,,,,,,,,,,,,,,,,,,,,,,,,,,,,,,#E2E8F0,рџЏЃ,#E2E8F0,рџЏЃ,#E2E8F0,рџЏЃ
22,91,C4,CoA Closure,B4.A,Terminal,d,Closed,coa.status,Closed,"28,948",P20,87.6% land here,File administratively closed вЂ” default CoA terminal state,(terminal),,,,,,,,,,,,,,,,,,,,,,,,,,,,,,,,,,,,,,,,,,,,,,,,,,,,,,,,,,,,,,,,,,,,,,,,,,,,,,,,,,,,,,,,,,,,,,,,,,,,,,,,,,,,,,,,,,,,,,,,,,,,,,,,,,,,,,,,,,,,,,,,,,,,,,,,,#E2E8F0,рџЏЃ,#E2E8F0,рџЏЃ,#E2E8F0,рџЏЃ
23,1,BP1,Permit Intake,B1.A,Initial Submission,a,Request Received,permits.status,Request Received,1,P3,`INTAKE_P3_SET`,Sub-folder request opened against existing permit (revision/extension),вЂ”,вњ“,,,,вњ“,,,,вњ“,,,,вњ“,,,,вњ“,,,,вњ“,,,,вњ“,,,,вњ“,,,,вњ“,,,,вњ“,,,,вњ“,,,,вњ“,,,,вњ“,,,,вњ“,,,,вњ“,,,,вњ“,,,,вњ“,,,,вњ“,,,,вњ“,,,,вњ“,,,,вњ“,,,,вњ“,,,,вњ“,,,,вњ“,,,,вњ“,,,,вњ“,,,,вњ“,,,,вњ“,,,,вњ“,,,,вњ“,,,,вњ“,,,,вњ“,,,,вњ“,,,,вњ“,,,,вњ“,,,,вњ“,,,,вњ“,,,,вњ“,,,,#DBEAFE,рџ“‹,#DBEAFE,рџ“‹,#DBEAFE,рџ“‹
24,2,BP1,Permit Intake,B1.A,Initial Submission,b,Application Received,permits.status,Application Received,218,P3,`INTAKE_P3_SET`,"City def: ""The Application has been received but intake has not been accepted or processed""",вЂ”,вњ“,,,,вњ“,,,,вњ“,,,,вњ“,,,,вњ“,,,,вњ“,,,,вњ“,,,,вњ“,,,,вњ“,,,,вњ“,,,,вњ“,,,,вњ“,,,,вњ“,,,,вњ“,,,,вњ“,,,,вњ“,,,,вњ“,,,,вњ“,,,,вњ“,,,,вњ“,,,,вњ“,,,,вњ“,,,,вњ“,,,,вњ“,,,,вњ“,,,,вњ“,,,,вњ“,,,,вњ“,,,,вњ“,,,,вњ“,,,,вњ“,,,,вњ“,,,,вњ“,,,,вњ“,,,,вњ“,,,,вњ“,,,,вњ“,,,,вњ“,,,,#DBEAFE,рџ“‹,#DBEAFE,рџ“‹,#DBEAFE,рџ“‹
25,3,BP1,Permit Intake,B1.B,Submission Accepted,a,Application Acceptable,permits.status,Application Acceptable,465,P3,`INTAKE_P3_SET`,"City def: ""Submission requirement met; intake not yet accepted because initial fee outstanding""",вЂ”,вњ“,,,,вњ“,,,,вњ“,,,,вњ“,,,,вњ“,,,,вњ“,,,,вњ“,,,,вњ“,,,,вњ“,,,,вњ“,,,,вњ“,,,,вњ“,,,,вњ“,,,,вњ“,,,,вњ“,,,,вњ“,,,,вњ“,,,,вњ“,,,,вњ“,,,,вњ“,,,,вњ“,,,,вњ“,,,,вњ“,,,,вњ“,,,,вњ“,,,,вњ“,,,,вњ“,,,,вњ“,,,,вњ“,,,,вњ“,,,,вњ“,,,,вњ“,,,,вњ“,,,,вњ“,,,,вњ“,,,,вњ“,,,,вњ“,,,,вњ“,,,,#DBEAFE,рџ“‹,#DBEAFE,рџ“‹,#DBEAFE,рџ“‹
26,4,BP1,Permit Intake,B1.C,File Active,a,Open,permits.status,Open,519,P3,`INTAKE_P3_SET`,Generic IBMS state вЂ” file open in system,вЂ”,вњ“,,,,вњ“,,,,вњ“,,,,вњ“,,,,вњ“,,,,вњ“,,,,вњ“,,,,вњ“,,,,вњ“,,,,вњ“,,,,вњ“,,,,вњ“,,,,вњ“,,,,вњ“,,,,вњ“,,,,вњ“,,,,вњ“,,,,вњ“,,,,вњ“,,,,вњ“,,,,вњ“,,,,вњ“,,,,вњ“,,,,вњ“,,,,вњ“,,,,вњ“,,,,вњ“,,,,вњ“,,,,вњ“,,,,вњ“,,,,вњ“,,,,вњ“,,,,вњ“,,,,вњ“,,,,вњ“,,,,вњ“,,,,вњ“,,,,вњ“,,,,#DBEAFE,рџ“‹,#DBEAFE,рџ“‹,#DBEAFE,рџ“‹
27,5,BP1,Permit Intake,B1.C,File Active,b,Active,permits.status,Active,24,P3,`INTAKE_P3_SET`,Generic IBMS state вЂ” file being actively worked,вЂ”,вњ“,,,,вњ“,,,,вњ“,,,,вњ“,,,,вњ“,,,,вњ“,,,,вњ“,,,,вњ“,,,,вњ“,,,,вњ“,,,,вњ“,,,,вњ“,,,,вњ“,,,,вњ“,,,,вњ“,,,,вњ“,,,,вњ“,,,,вњ“,,,,вњ“,,,,вњ“,,,,вњ“,,,,вњ“,,,,вњ“,,,,вњ“,,,,вњ“,,,,вњ“,,,,вњ“,,,,вњ“,,,,вњ“,,,,вњ“,,,,вњ“,,,,вњ“,,,,вњ“,,,,вњ“,,,,вњ“,,,,вњ“,,,,вњ“,,,,вњ“,,,,#DBEAFE,рџ“‹,#DBEAFE,рџ“‹,#DBEAFE,рџ“‹
28,6,BP2,Plan Review,B2.A,Review Queued,a,Not Started,permits.status,Not Started,"1,063",P7d,**CODE DRIFT**,"City def: ""Application accepted but review has not started"" вЂ” pre-review (99.6% pre-issuance)",вЂ”,вњ“,,,,вњ“,,,,вњ“,,,,вњ“,,,,вњ“,,,,вњ“,,,,вњ“,,,,вњ“,,,,вњ“,,,,вњ“,,,,вњ“,,,,вњ“,,,,вњ“,,,,вњ“,,,,вњ“,,,,вњ“,,,,вњ“,,,,вњ“,,,,вњ“,,,,вњ“,,,,вњ“,,,,вњ“,,,,вњ“,,,,вњ“,,,,вњ“,,,,вњ“,,,,вњ“,,,,вњ“,,,,вњ“,,,,вњ“,,,,вњ“,,,,вњ“,,,,вњ“,,,,вњ“,,,,вњ“,,,,вњ“,,,,вњ“,,,,вњ“,,,,#E0E7FF,рџ”Ќ,#E0E7FF,рџ”Ќ,#E5E7EB,рџђ›
29,7,BP2,Plan Review,B2.A,Review Queued,b,Not Started - Express,permits.status,Not Started - Express,92,P7d,**CODE DRIFT**,Same as #6 but for Express stream (fast-track simple permits),вЂ”,вњ“,,,,вњ“,,,,вњ“,,,,вњ“,,,,вњ“,,,,вњ“,,,,вњ“,,,,вњ“,,,,вњ“,,,,вњ“,,,,вњ“,,,,вњ“,,,,вњ“,,,,вњ“,,,,вњ“,,,,вњ“,,,,вњ“,,,,вњ“,,,,вњ“,,,,вњ“,,,,вњ“,,,,вњ“,,,,вњ“,,,,вњ“,,,,вњ“,,,,вњ“,,,,вњ“,,,,вњ“,,,,вњ“,,,,вњ“,,,,вњ“,,,,вњ“,,,,вњ“,,,,вњ“,,,,вњ“,,,,вњ“,,,,вњ“,,,,вњ“,,,,#E0E7FF,рџ”Ќ,#E0E7FF,рџ”Ќ,#E5E7EB,рџђ›
30,8,BP2,Plan Review,B2.B,Review In Progress,a,Under Review,permits.status,Under Review,"2,100",P4,`REVIEW_P4_SET`,"City def: ""Application accepted and Review started but not completed""",вЂ”,вњ“,,,,вњ“,,,,вњ“,,,,вњ“,,,,вњ“,,,,вњ“,,,,вњ“,,,,вњ“,,,,вњ“,,,,вњ“,,,,вњ“,,,,вњ“,,,,вњ“,,,,вњ“,,,,вњ“,,,,вњ“,,,,вњ“,,,,вњ“,,,,вњ“,,,,вњ“,,,,вњ“,,,,вњ“,,,,вњ“,,,,вњ“,,,,вњ“,,,,вњ“,,,,вњ“,,,,вњ“,,,,вњ“,,,,вњ“,,,,вњ“,,,,вњ“,,,,вњ“,,,,вњ“,,,,вњ“,,,,вњ“,,,,вњ“,,,,вњ“,,,,#E0E7FF,рџ”Ќ,#E0E7FF,рџ”Ќ,#E0E7FF,рџ”Ќ
31,9,BP2,Plan Review,B2.B,Review In Progress,b,Examination,permits.status,Examination,30,P4,`REVIEW_P4_SET`,Internal IBMS synonym for active Under Review,вЂ”,вњ“,,,,вњ“,,,,вњ“,,,,вњ“,,,,вњ“,,,,вњ“,,,,вњ“,,,,вњ“,,,,вњ“,,,,вњ“,,,,вњ“,,,,вњ“,,,,вњ“,,,,вњ“,,,,вњ“,,,,вњ“,,,,вњ“,,,,вњ“,,,,вњ“,,,,вњ“,,,,вњ“,,,,вњ“,,,,вњ“,,,,вњ“,,,,вњ“,,,,вњ“,,,,вњ“,,,,вњ“,,,,вњ“,,,,вњ“,,,,вњ“,,,,вњ“,,,,вњ“,,,,вњ“,,,,вњ“,,,,вњ“,,,,вњ“,,,,вњ“,,,,#E0E7FF,рџ”Ќ,#E0E7FF,рџ”Ќ,#E0E7FF,рџ”Ќ
32,10,BP2,Plan Review,B2.C,Review Complete,a,Plan Review Complete,permits.status,Plan Review Complete,57,P3,**CODE DRIFT**,"All five discipline reviews finished; moving to Pre-Issuance (53% pre-/47% post-issuance, recurs on revisions)",вЂ”,вњ“,,,,вњ“,,,,вњ“,,,,вњ“,,,,вњ“,,,,вњ“,,,,вњ“,,,,вњ“,,,,вњ“,,,,вњ“,,,,вњ“,,,,вњ“,,,,вњ“,,,,вњ“,,,,вњ“,,,,вњ“,,,,вњ“,,,,вњ“,,,,вњ“,,,,вњ“,,,,вњ“,,,,вњ“,,,,вњ“,,,,вњ“,,,,вњ“,,,,вњ“,,,,вњ“,,,,вњ“,,,,вњ“,,,,вњ“,,,,вњ“,,,,вњ“,,,,вњ“,,,,вњ“,,,,вњ“,,,,вњ“,,,,вњ“,,,,вњ“,,,,#E0E7FF,рџ”Ќ,#E0E7FF,рџ”Ќ,#E5E7EB,рџђ›
33,11,BP2,Plan Review,B2.C,Review Complete,b,Consultation Completed,permits.status,Consultation Completed,2,P4,`REVIEW_P4_SET`,Pre-application consultation closed (Tier 1c stream),вЂ”,вњ“,,,,вњ“,,,,вњ“,,,,вњ“,,,,вњ“,,,,вњ“,,,,вњ“,,,,вњ“,,,,вњ“,,,,вњ“,,,,вњ“,,,,вњ“,,,,вњ“,,,,вњ“,,,,вњ“,,,,вњ“,,,,вњ“,,,,вњ“,,,,вњ“,,,,вњ“,,,,вњ“,,,,вњ“,,,,вњ“,,,,вњ“,,,,вњ“,,,,вњ“,,,,вњ“,,,,вњ“,,,,вњ“,,,,вњ“,,,,вњ“,,,,вњ“,,,,вњ“,,,,вњ“,,,,вњ“,,,,вњ“,,,,вњ“,,,,вњ“,,,,#E0E7FF,рџ”Ќ,#E0E7FF,рџ”Ќ,#E0E7FF,рџ”Ќ
34,12,BP3,Notice & Response,B3.A,Notice Issued,a,Examiner's Notice Sent,permits.status,Examiner's Notice Sent,"2,757",P4,`REVIEW_P4_SET`,"City def: ""Application accepted, Review resulted in a Notice that has been sent""",в†© via #17 в†’ #8 (re-queue),вњ“,,,,вњ“,,,,вњ“,,,,вњ“,,,,вњ“,,,,вњ“,,,,вњ“,,,,вњ“,,,,вњ“,,,,вњ“,,,,вњ“,,,,вњ“,,,,вњ“,,,,вњ“,,,,вњ“,,,,вњ“,,,,вњ“,,,,вњ“,,,,вњ“,,,,вњ“,,,,вњ“,,,,вњ“,,,,вњ“,,,,вњ“,,,,вњ“,,,,вњ“,,,,вњ“,,,,вњ“,,,,вњ“,,,,вњ“,,,,вњ“,,,,вњ“,,,,вњ“,,,,вњ“,,,,вњ“,,,,вњ“,,,,вњ“,,,,вњ“,,,,#FEF3C7,вљ пёЏ,#FEF3C7,вљ пёЏ,#FEF3C7,вљ пёЏ
35,13,BP3,Notice & Response,B3.A,Notice Issued,b,Notice Sent,permits.status,Notice Sent,1,UNMAPPEDв†’null,Not in any code set; falls through,Operationally synonymous with #12 (Examiner's Notice Sent) but counted by `unclassified_count` CQA gate,в†© via #17 в†’ #8 (re-queue),вњ“,,,,вњ“,,,,вњ“,,,,вњ“,,,,вњ“,,,,вњ“,,,,вњ“,,,,вњ“,,,,вњ“,,,,вњ“,,,,вњ“,,,,вњ“,,,,вњ“,,,,вњ“,,,,вњ“,,,,вњ“,,,,вњ“,,,,вњ“,,,,вњ“,,,,вњ“,,,,вњ“,,,,вњ“,,,,вњ“,,,,вњ“,,,,вњ“,,,,вњ“,,,,вњ“,,,,вњ“,,,,вњ“,,,,вњ“,,,,вњ“,,,,вњ“,,,,вњ“,,,,вњ“,,,,вњ“,,,,вњ“,,,,вњ“,,,,вњ“,,,,#FEF3C7,вљ пёЏ,#FEF3C7,вљ пёЏ,#FEF3C7,вљ пёЏ
36,14,BP3,Notice & Response,B3.B,Deficiency Confirmed,a,Deficiency Notice,permits.status,Deficiency Notice Issued,117,P5,`HOLD_P5_SET`,Formal deficiency notice вЂ” escalation when Examiner's Notice unaddressed,в†© via #17 в†’ #8 (re-queue),вњ“,,,,вњ“,,,,вњ“,,,,вњ“,,,,вњ“,,,,вњ“,,,,вњ“,,,,вњ“,,,,вњ“,,,,вњ“,,,,вњ“,,,,вњ“,,,,вњ“,,,,вњ“,,,,вњ“,,,,вњ“,,,,вњ“,,,,вњ“,,,,вњ“,,,,вњ“,,,,вњ“,,,,вњ“,,,,вњ“,,,,вњ“,,,,вњ“,,,,вњ“,,,,вњ“,,,,вњ“,,,,вњ“,,,,вњ“,,,,вњ“,,,,вњ“,,,,вњ“,,,,вњ“,,,,вњ“,,,,вњ“,,,,вњ“,,,,вњ“,,,,#FEF3C7,вљ пёЏ,#FEF3C7,вљ пёЏ,#FEF3C7,вљ пёЏ
37,15,BP3,Notice & Response,B3.C,Application Paused,a,On Hold,permits.status,Application On Hold,"1,655",P5,`HOLD_P5_SET`,"City def: ""Application received but on hold because of missing information""",в†© #17 (when applicant responds) or в†’ #51 Cancelled (if abandoned),вњ“,,,,вњ“,,,,вњ“,,,,вњ“,,,,вњ“,,,,вњ“,,,,вњ“,,,,вњ“,,,,вњ“,,,,вњ“,,,,вњ“,,,,вњ“,,,,вњ“,,,,вњ“,,,,вњ“,,,,вњ“,,,,вњ“,,,,вњ“,,,,вњ“,,,,вњ“,,,,вњ“,,,,вњ“,,,,вњ“,,,,вњ“,,,,вњ“,,,,вњ“,,,,вњ“,,,,вњ“,,,,вњ“,,,,вњ“,,,,вњ“,,,,вњ“,,,,вњ“,,,,вњ“,,,,вњ“,,,,вњ“,,,,вњ“,,,,вњ“,,,,#FEF3C7,вљ пёЏ,#FEF3C7,вљ пёЏ,#FEF9C3,вЏёпёЏ
38,16,BP3,Notice & Response,B3.C,Application Paused,b,On Hold (variant),permits.status,Application on Hold,4,P5,`HOLD_P5_SET`,Case variant of #15 (both members of set),в†© #17 (when applicant responds) or в†’ #51 Cancelled,вњ“,,,,вњ“,,,,вњ“,,,,вњ“,,,,вњ“,,,,вњ“,,,,вњ“,,,,вњ“,,,,вњ“,,,,вњ“,,,,вњ“,,,,вњ“,,,,вњ“,,,,вњ“,,,,вњ“,,,,вњ“,,,,вњ“,,,,вњ“,,,,вњ“,,,,вњ“,,,,вњ“,,,,вњ“,,,,вњ“,,,,вњ“,,,,вњ“,,,,вњ“,,,,вњ“,,,,вњ“,,,,вњ“,,,,вњ“,,,,вњ“,,,,вњ“,,,,вњ“,,,,вњ“,,,,вњ“,,,,вњ“,,,,вњ“,,,,вњ“,,,,#FEF3C7,вљ пёЏ,#FEF3C7,вљ пёЏ,#FEF9C3,вЏёпёЏ
39,17,BP3,Notice & Response,B3.D,Response Received,a,Response Received,permits.status,Response Received,436,P5,`HOLD_P5_SET`,"City def: ""Response to a Notice submitted to Toronto Building""",в†© #8 Under Review (re-queue),вњ“,,,,вњ“,,,,вњ“,,,,вњ“,,,,вњ“,,,,вњ“,,,,вњ“,,,,вњ“,,,,вњ“,,,,вњ“,,,,вњ“,,,,вњ“,,,,вњ“,,,,вњ“,,,,вњ“,,,,вњ“,,,,вњ“,,,,вњ“,,,,вњ“,,,,вњ“,,,,вњ“,,,,вњ“,,,,вњ“,,,,вњ“,,,,вњ“,,,,вњ“,,,,вњ“,,,,вњ“,,,,вњ“,,,,вњ“,,,,вњ“,,,,вњ“,,,,вњ“,,,,вњ“,,,,вњ“,,,,вњ“,,,,вњ“,,,,вњ“,,,,#FEF3C7,вљ пёЏ,#FEF3C7,вљ пёЏ,#FEF3C7,вљ пёЏ
40,18,BP3,Notice & Response,B3.E,Cross-Folder Block,a,Parent Folder Pending,permits.status,Pending Parent Folder Review,33,P5,`HOLD_P5_SET`,Sub-permit (HVA/PLB/etc.) blocked waiting on parent BLD/CMB,в†© #8 (when parent advances),вњ“,,,,вњ“,,,,вњ“,,,,вњ“,,,,вњ“,,,,вњ“,,,,вњ“,,,,вњ“,,,,вњ“,,,,вњ“,,,,вњ“,,,,вњ“,,,,вњ“,,,,вњ“,,,,вњ“,,,,вњ“,,,,вњ“,,,,вњ“,,,,вњ“,,,,вњ“,,,,вњ“,,,,вњ“,,,,вњ“,,,,вњ“,,,,вњ“,,,,вњ“,,,,вњ“,,,,вњ“,,,,вњ“,,,,вњ“,,,,вњ“,,,,вњ“,,,,вњ“,,,,вњ“,,,,вњ“,,,,вњ“,,,,вњ“,,,,вњ“,,,,#FEF3C7,вљ пёЏ,#FEF3C7,вљ пёЏ,#FEF3C7,вљ пёЏ
41,19,BP4,Pre-Issuance,B4.A,Permit Approved,a,Approved,permits.status,Approved,23,P6,"`READY_P6_SET` (distinct from CoA ""Approved"")",Internal technical-approval marker вЂ” transitional before Ready for Issuance,вЂ”,вњ“,,,,вњ“,,,,вњ“,,,,вњ“,,,,вњ“,,,,вњ“,,,,вњ“,,,,вњ“,,,,вњ“,,,,вњ“,,,,вњ“,,,,вњ“,,,,вњ“,,,,вњ“,,,,вњ“,,,,вњ“,,,,вњ“,,,,вњ“,,,,вњ“,,,,вњ“,,,,вњ“,,,,вњ“,,,,вњ“,,,,вњ“,,,,вњ“,,,,вњ“,,,,вњ“,,,,вњ“,,,,вњ“,,,,вњ“,,,,вњ“,,,,вњ“,,,,вњ“,,,,вњ“,,,,вњ“,,,,вњ“,,,,вњ“,,,,вњ“,,,,#CCFBF1,рџ“‘,#CCFBF1,рџ“‘,#CCFBF1,рџ“‘
42,20,BP4,Pre-Issuance,B4.B,Ready for Issuance,a,Ready for Issuance,permits.status,Ready for Issuance,233,P6,`READY_P6_SET`,"City def: ""Review completed, Permit ready for issuance at any time"" (87% pre-/13% post-issuance)",вЂ”,вњ“,,,,вњ“,,,,вњ“,,,,вњ“,,,,вњ“,,,,вњ“,,,,вњ“,,,,вњ“,,,,вњ“,,,,вњ“,,,,вњ“,,,,вњ“,,,,вњ“,,,,вњ“,,,,вњ“,,,,вњ“,,,,вњ“,,,,вњ“,,,,вњ“,,,,вњ“,,,,вњ“,,,,вњ“,,,,вњ“,,,,вњ“,,,,вњ“,,,,вњ“,,,,вњ“,,,,вњ“,,,,вњ“,,,,вњ“,,,,вњ“,,,,вњ“,,,,вњ“,,,,вњ“,,,,вњ“,,,,вњ“,,,,вњ“,,,,вњ“,,,,#CCFBF1,рџ“‘,#CCFBF1,рџ“‘,#CCFBF1,рџ“‘
43,21,BP4,Pre-Issuance,B4.C,Outstanding Conditions,a,Forwarded for Issuance,permits.status,Forwarded for Issuance,3,P6,`READY_P6_SET`,Queued to issuance desk for fee collection / final paperwork,вЂ”,вњ“,,,,вњ“,,,,вњ“,,,,вњ“,,,,вњ“,,,,вњ“,,,,вњ“,,,,вњ“,,,,вњ“,,,,вњ“,,,,вњ“,,,,вњ“,,,,вњ“,,,,вњ“,,,,вњ“,,,,вњ“,,,,вњ“,,,,вњ“,,,,вњ“,,,,вњ“,,,,вњ“,,,,вњ“,,,,вњ“,,,,вњ“,,,,вњ“,,,,вњ“,,,,вњ“,,,,вњ“,,,,вњ“,,,,вњ“,,,,вњ“,,,,вњ“,,,,вњ“,,,,вњ“,,,,вњ“,,,,вњ“,,,,вњ“,,,,вњ“,,,,#CCFBF1,рџ“‘,#CCFBF1,рџ“‘,#CCFBF1,рџ“‘
44,22,BP4,Pre-Issuance,B4.C,Outstanding Conditions,b,Issuance Pending,permits.status,Issuance Pending,"2,974",P6,`READY_P6_SET`,"City def: ""Review completed, however other approvals/fees outstanding"" вЂ” dominant pre-issuance state",вЂ”,вњ“,,,,вњ“,,,,вњ“,,,,вњ“,,,,вњ“,,,,вњ“,,,,вњ“,,,,вњ“,,,,вњ“,,,,вњ“,,,,вњ“,,,,вњ“,,,,вњ“,,,,вњ“,,,,вњ“,,,,вњ“,,,,вњ“,,,,вњ“,,,,вњ“,,,,вњ“,,,,вњ“,,,,вњ“,,,,вњ“,,,,вњ“,,,,вњ“,,,,вњ“,,,,вњ“,,,,вњ“,,,,вњ“,,,,вњ“,,,,вњ“,,,,вњ“,,,,вњ“,,,,вњ“,,,,вњ“,,,,вњ“,,,,вњ“,,,,вњ“,,,,#CCFBF1,рџ“‘,#CCFBF1,рџ“‘,#CCFBF1,рџ“‘
45,23,BP4,Pre-Issuance,B4.C,Outstanding Conditions,c,Agreement in Progress,permits.status,Agreement in Progress,10,P6,`READY_P6_SET`,Section 37 / Site Plan / Development Agreement being executed,вЂ”,вњ“,,,,вњ“,,,,вњ“,,,,вњ“,,,,вњ“,,,,вњ“,,,,вњ“,,,,вњ“,,,,вњ“,,,,вњ“,,,,вњ“,,,,вњ“,,,,вњ“,,,,вњ“,,,,вњ“,,,,вњ“,,,,вњ“,,,,вњ“,,,,вњ“,,,,вњ“,,,,вњ“,,,,вњ“,,,,вњ“,,,,вњ“,,,,вњ“,,,,вњ“,,,,вњ“,,,,вњ“,,,,вњ“,,,,вњ“,,,,вњ“,,,,вњ“,,,,вњ“,,,,вњ“,,,,вњ“,,,,вњ“,,,,вњ“,,,,вњ“,,,,#CCFBF1,рџ“‘,#CCFBF1,рџ“‘,#CCFBF1,рџ“‘
46,24,BP4,Pre-Issuance,B4.D,Cross-Domain Issuance,a,Licence Issued,permits.status,Licence Issued,4,P6,`READY_P6_SET` (cross-feed noise),Sign/hoarding license sharing IBMS feed вЂ” not a building-permit phase,вЂ”,вњ“,,,,вњ“,,,,вњ“,,,,вњ“,,,,вњ“,,,,вњ“,,,,вњ“,,,,вњ“,,,,вњ“,,,,вњ“,,,,вњ“,,,,вњ“,,,,вњ“,,,,вњ“,,,,вњ“,,,,вњ“,,,,вњ“,,,,вњ“,,,,вњ“,,,,вњ“,,,,вњ“,,,,вњ“,,,,вњ“,,,,вњ“,,,,вњ“,,,,вњ“,,,,вњ“,,,,вњ“,,,,вњ“,,,,вњ“,,,,вњ“,,,,вњ“,,,,вњ“,,,,вњ“,,,,вњ“,,,,вњ“,,,,вњ“,,,,вњ“,,,,#CCFBF1,рџ“‘,#CCFBF1,рџ“‘,#CCFBF1,рџ“‘
47,25,BP5,Construction,B5.A,Newly Issued,a,Permit Issued,permits.status,Permit Issued,"52,403",P7a/P7b/P7c (or P9-P17),Time-bucketed,"City def: ""The Permit has been issued""; time-bucketed by `NOW() - issued_date`",в†’ #31 Inspection (when inspections begin),вњ“,,,,вњ“,,,,вњ“,,,,вњ“,,,,вњ“,,,,вњ“,,,,вњ“,,,,вњ“,,,,вњ“,,,,вњ“,,,,вњ“,,,,вњ“,,,,вњ“,,,,вњ“,,,,вњ“,,,,вњ“,,,,вњ“,,,,вњ“,,,,вњ“,,,,вњ“,,,,вњ“,,,,вњ“,,,,вњ“,,,,вњ“,,,,вњ“,,,,вњ“,,,,вњ“,,,,вњ“,,,,вњ“,,,,вњ“,,,,вњ“,,,,вњ“,,,,вњ“,,,,вњ“,,,,вњ“,,,,вњ“,,,,вњ“,,,,вњ“,,,,#FFEDD5,рџЏ—пёЏ,#FFEDD5,рџЏ—пёЏ,#FFEDD5,рџЏ—пёЏ
48,26,BP5,Construction,B5.B,No Construction Yet,a,Work Not Started,permits.status,Work Not Started,"1,093",P7d,`NOT_STARTED_P7D_SET` (100% post-issuance),"City def: ""An Inspection was conducted and construction has not taken place"" вЂ” distinct from #6",вЂ”,вњ“,,,,вњ“,,,,вњ“,,,,вњ“,,,,вњ“,,,,вњ“,,,,вњ“,,,,вњ“,,,,вњ“,,,,вњ“,,,,вњ“,,,,вњ“,,,,вњ“,,,,вњ“,,,,вњ“,,,,вњ“,,,,вњ“,,,,вњ“,,,,вњ“,,,,вњ“,,,,вњ“,,,,вњ“,,,,вњ“,,,,вњ“,,,,вњ“,,,,вњ“,,,,вњ“,,,,вњ“,,,,вњ“,,,,вњ“,,,,вњ“,,,,вњ“,,,,вњ“,,,,вњ“,,,,вњ“,,,,вњ“,,,,вњ“,,,,вњ“,,,,#FFEDD5,рџЏ—пёЏ,#FFEDD5,рџЏ—пёЏ,#FFEDD5,рџЏ—пёЏ
49,27,BP5,Construction,B5.B,No Construction Yet,b,Extension Granted,permits.status,Extension Granted,3,P7d,`NOT_STARTED_P7D_SET` (100% post-issuance),Permit expiry extended; clock reset,вЂ”,вњ“,,,,вњ“,,,,вњ“,,,,вњ“,,,,вњ“,,,,вњ“,,,,вњ“,,,,вњ“,,,,вњ“,,,,вњ“,,,,вњ“,,,,вњ“,,,,вњ“,,,,вњ“,,,,вњ“,,,,вњ“,,,,вњ“,,,,вњ“,,,,вњ“,,,,вњ“,,,,вњ“,,,,вњ“,,,,вњ“,,,,вњ“,,,,вњ“,,,,вњ“,,,,вњ“,,,,вњ“,,,,вњ“,,,,вњ“,,,,вњ“,,,,вњ“,,,,вњ“,,,,вњ“,,,,вњ“,,,,вњ“,,,,вњ“,,,,вњ“,,,,#FFEDD5,рџЏ—пёЏ,#FFEDD5,рџЏ—пёЏ,#FFEDD5,рџЏ—пёЏ
50,28,BP6,Revision,B6.A,Revision,a,Revision Issued,permits.status,Revision Issued,"20,698",P8,"`REVISION_P8_SET` вЂ” В§3 calls P8 ""Mobilization"" (drift)","City def: ""Notice of Change submitted to CBO and revision has been accepted""",в†© #8 (revision review),вњ“,,,,вњ“,,,,вњ“,,,,вњ“,,,,вњ“,,,,вњ“,,,,вњ“,,,,вњ“,,,,вњ“,,,,вњ“,,,,вњ“,,,,вњ“,,,,вњ“,,,,вњ“,,,,вњ“,,,,вњ“,,,,вњ“,,,,вњ“,,,,вњ“,,,,вњ“,,,,вњ“,,,,вњ“,,,,вњ“,,,,вњ“,,,,вњ“,,,,вњ“,,,,вњ“,,,,вњ“,,,,вњ“,,,,вњ“,,,,вњ“,,,,вњ“,,,,вњ“,,,,вњ“,,,,вњ“,,,,вњ“,,,,вњ“,,,,вњ“,,,,#F3E8FF,рџ”„,#F3E8FF,рџ”„,#F3E8FF,рџ”„
51,29,BP6,Revision,B6.A,Revision,b,Revised,permits.status,Revised,27,P8,`REVISION_P8_SET`,"City def: ""Notice of Change has been submitted to the Chief Building Official""",в†© #8 (revision review),вњ“,,,,вњ“,,,,вњ“,,,,вњ“,,,,вњ“,,,,вњ“,,,,вњ“,,,,вњ“,,,,вњ“,,,,вњ“,,,,вњ“,,,,вњ“,,,,вњ“,,,,вњ“,,,,вњ“,,,,вњ“,,,,вњ“,,,,вњ“,,,,вњ“,,,,вњ“,,,,вњ“,,,,вњ“,,,,вњ“,,,,вњ“,,,,вњ“,,,,вњ“,,,,вњ“,,,,вњ“,,,,вњ“,,,,вњ“,,,,вњ“,,,,вњ“,,,,вњ“,,,,вњ“,,,,вњ“,,,,вњ“,,,,вњ“,,,,вњ“,,,,#F3E8FF,рџ”„,#F3E8FF,рџ”„,#F3E8FF,рџ”„
52,30,BP6,Revision,B6.A,Revision,c,Order Complied,permits.status,Order Complied,22,P8,`REVISION_P8_SET`,Compliance order satisfied,в†’ #31 Inspection,вњ“,,,,вњ“,,,,вњ“,,,,вњ“,,,,вњ“,,,,вњ“,,,,вњ“,,,,вњ“,,,,вњ“,,,,вњ“,,,,вњ“,,,,вњ“,,,,вњ“,,,,вњ“,,,,вњ“,,,,вњ“,,,,вњ“,,,,вњ“,,,,вњ“,,,,вњ“,,,,вњ“,,,,вњ“,,,,вњ“,,,,вњ“,,,,вњ“,,,,вњ“,,,,вњ“,,,,вњ“,,,,вњ“,,,,вњ“,,,,вњ“,,,,вњ“,,,,вњ“,,,,вњ“,,,,вњ“,,,,вњ“,,,,вњ“,,,,вњ“,,,,#F3E8FF,рџ”„,#F3E8FF,рџ”„,#F3E8FF,рџ”„
53,31,BP5,Construction,B5.D,Active Inspection (status),a,Inspection,permits.status,Inspection,"138,546",P9-P17 (via stages 100-134) or P18,"City def: ""Permit issued and under active inspection""",Phase mapped by latest passed inspection stage,в†’ stages #100-134,,,вњ“,вњ“,,,вњ“,,,,вњ“,,,,вњ“,вњ“,,,вњ“,,,,вњ“,,,,вњ“,,,,вњ“,,,,вњ“,,,,вњ“,,,,вњ“,,,,вњ“,,,,вњ“,,,,вњ“,,,,вњ“,,,,вњ“,,,,вњ“,,,,вњ“,,,,вњ“,,,,вњ“,,,,вњ“,,,,вњ“,,,,вњ“,,,,вњ“,,,,вњ“,,,,вњ“,,,,вњ“,,,,вњ“,,,,вњ“,,,,вњ“,,,,вњ“,,,,вњ“,,,,вњ“,,,,вњ“,,,,вњ“,,,,вњ“,,,,вњ“,,вњ“,,вњ“,,#FFEDD5,рџЏ—пёЏ,#FFEDD5,рџЏ—пёЏ,#FFEDD5,рџЏ—пёЏ
54,32,BP5,Construction,B5.D,Active Inspection (status),b,Forward to Inspector,permits.status,Forward to Inspector,1,P18,"`INSPECTION_PIPELINE_P18_SET` вЂ” В§3 calls P18 ""Project Closed"" (drift)",File handed off to inspector; awaiting visit,в†’ #31 Inspection,,,,,,,,,,,,,,,,,,,,,,,,,,,,,,,,,,,,,,,,,,,,,,,,,,,,,,,,,,,,,,,,,,,,,,,,,,,,,,,,,,,,,,,,,,,,,,,,,,,,,,,,,,,,,,,,,,,,,,,,,,,,,,,,,,,,,,,,,,,,,,,,,,,,,вњ“,,,,#FFEDD5,рџЏ—пёЏ,#FFEDD5,рџЏ—пёЏ,#FFEDD5,рџЏ—пёЏ
55,33,BP5,Construction,B5.D,Active Inspection (status),c,Rescheduled,permits.status,Rescheduled,1,P18,`INSPECTION_PIPELINE_P18_SET`,Scheduled inspection rescheduled,в†’ #31 Inspection,,,,,,,,,,,,,,,,,,,,,,,,,,,,,,,,,,,,,,,,,,,,,,,,,,,,,,,,,,,,,,,,,,,,,,,,,,,,,,,,,,,,,,,,,,,,,,,,,,,,,,,,,,,,,,,,,,,,,,,,,,,,,,,,,,,,,,,,,,,,,,,,,,,,,вњ“,,,,#FFEDD5,рџЏ—пёЏ,#FFEDD5,рџЏ—пёЏ,#FFEDD5,рџЏ—пёЏ
56,34,BP7,Closure,B7.A,Wind-Down Cancellation,a,Pending Closed,permits.status,Pending Closed,"6,699",P19,"`WINDDOWN_P19_SET` вЂ” В§3 calls P19 ""Cancelled"" (drift)",File flagged for closure; final paperwork pending,в†’ #39 Closed,,,,,,,,,,,,,,,,,,,,,,,,,,,,,,,,,,,,,,,,,,,,,,,,,,,,,,,,,,,,,,,,,,,,,,,,,,,,,,,,,,,,,,,,,,,,,,,,,,,,,,,,,,,,,,,,,,,,,,,,,,,,,,,,,,,,,,,,,,,,,,,,,,,,,,,,,#E2E8F0,рџЏЃ,#FEF3C7,рџ“…,#FEF3C7,рџ“…
57,35,BP7,Closure,B7.A,Wind-Down Cancellation,b,Pending Cancellation,permits.status,Pending Cancellation,488,P19,`WINDDOWN_P19_SET`,"City def: ""Application dormant >5 months; owner/applicant notified of cancellation""",в†’ #51 Cancelled (if proceeds),,,,,,,,,,,,,,,,,,,,,,,,,,,,,,,,,,,,,,,,,,,,,,,,,,,,,,,,,,,,,,,,,,,,,,,,,,,,,,,,,,,,,,,,,,,,,,,,,,,,,,,,,,,,,,,,,,,,,,,,,,,,,,,,,,,,,,,,,,,,,,,,,,,,,,,,,#E2E8F0,рџЏЃ,#FEF3C7,рџ“…,#FEF3C7,рџ“…
58,38,BP7,Closure,B7.A,Wind-Down Cancellation,c,Inspection Request to Cancel,permits.status,Inspection Request to Cancel,1,P19,`WINDDOWN_P19_SET`,Pending cancellation of a scheduled inspection request,в†’ #39 Closed,,,,,,,,,,,,,,,,,,,,,,,,,,,,,,,,,,,,,,,,,,,,,,,,,,,,,,,,,,,,,,,,,,,,,,,,,,,,,,,,,,,,,,,,,,,,,,,,,,,,,,,,,,,,,,,,,,,,,,,,,,,,,,,,,,,,,,,,,,,,,,,,,,,,,,,,,#E2E8F0,рџЏЃ,#FEF3C7,рџ“…,#FEF3C7,рџ“…
59,36,BP7,Closure,B7.B,Wind-Down Revocation,a,Revocation Pending,permits.status,Revocation Pending,"2,335",P19,`WINDDOWN_P19_SET`,City has begun revocation proceedings,в†’ #49 Permit Revoked,,,,,,,,,,,,,,,,,,,,,,,,,,,,,,,,,,,,,,,,,,,,,,,,,,,,,,,,,,,,,,,,,,,,,,,,,,,,,,,,,,,,,,,,,,,,,,,,,,,,,,,,,,,,,,,,,,,,,,,,,,,,,,,,,,,,,,,,,,,,,,,,,,,,,,,,,#E2E8F0,рџЏЃ,#FECACA,рџљ«,#FECACA,рџљ«
60,37,BP7,Closure,B7.B,Wind-Down Revocation,b,Revocation Notice Sent,permits.status,Revocation Notice Sent,1,P19,`WINDDOWN_P19_SET`,Formal revocation notice issued to applicant,в†’ #49 Permit Revoked,,,,,,,,,,,,,,,,,,,,,,,,,,,,,,,,,,,,,,,,,,,,,,,,,,,,,,,,,,,,,,,,,,,,,,,,,,,,,,,,,,,,,,,,,,,,,,,,,,,,,,,,,,,,,,,,,,,,,,,,,,,,,,,,,,,,,,,,,,,,,,,,,,,,,,,,,#E2E8F0,рџЏЃ,#FECACA,рџљ«,#FECACA,рџљ«
61,39,BP7,Closure,B7.C,Closed,a,Closed,permits.status,Closed,"10,695",P20,"`TERMINAL_P20_SET` вЂ” В§3 calls P20 ""Revoked"" (drift)",File administratively closed (default terminal state),(terminal),,,,,,,,,,,,,,,,,,,,,,,,,,,,,,,,,,,,,,,,,,,,,,,,,,,,,,,,,,,,,,,,,,,,,,,,,,,,,,,,,,,,,,,,,,,,,,,,,,,,,,,,,,,,,,,,,,,,,,,,,,,,,,,,,,,,,,,,,,,,,,,,,,,,,,вњ“,,,#E2E8F0,рџЏЃ,#E2E8F0,рџЏЃ,#E2E8F0,рџЏЃ
62,40,BP7,Closure,B7.C,Closed,b,File Closed,permits.status,File Closed,6,P20,`TERMINAL_P20_SET`,Variant of Closed,(terminal),,,,,,,,,,,,,,,,,,,,,,,,,,,,,,,,,,,,,,,,,,,,,,,,,,,,,,,,,,,,,,,,,,,,,,,,,,,,,,,,,,,,,,,,,,,,,,,,,,,,,,,,,,,,,,,,,,,,,,,,,,,,,,,,,,,,,,,,,,,,,,,,,,,,,,,,,#E2E8F0,рџЏЃ,#E2E8F0,рџЏЃ,#E2E8F0,рџЏЃ
63,41,BP7,Closure,B7.C,Closed,c,Permit Issued/Close File,permits.status,Permit Issued/Close File,2,P20,`TERMINAL_P20_SET`,Issued and immediately closed вЂ” trivial jobs,(terminal),,,,,,,,,,,,,,,,,,,,,,,,,,,,,,,,,,,,,,,,,,,,,,,,,,,,,,,,,,,,,,,,,,,,,,,,,,,,,,,,,,,,,,,,,,,,,,,,,,,,,,,,,,,,,,,,,,,,,,,,,,,,,,,,,,,,,,,,,,,,,,,,,,,,,,,,,#E2E8F0,рџЏЃ,#E2E8F0,рџЏЃ,#E2E8F0,рџЏЃ
64,42,BP7,Closure,B7.D,Dead вЂ” Refusal,a,Refusal Notice,permits.status,Refusal Notice,958,null (DEAD),`DEAD_STATUS_SET`,"City def: ""Application Accepted; Review resulted in Refused Notice sent to applicant""",(terminal),,,,,,,,,,,,,,,,,,,,,,,,,,,,,,,,,,,,,,,,,,,,,,,,,,,,,,,,,,,,,,,,,,,,,,,,,,,,,,,,,,,,,,,,,,,,,,,,,,,,,,,,,,,,,,,,,,,,,,,,,,,,,,,,,,,,,,,,,,,,,,,,,,,,,,,,,#E2E8F0,рџЏЃ,#FECACA,вќЊ,#FECACA,вќЊ
65,52,BP7,Closure,B7.D,Dead вЂ” Refusal,b,Refused,permits.status,Refused,1,null (DEAD),`DEAD_STATUS_SET`,Variant of #42,(terminal),,,,,,,,,,,,,,,,,,,,,,,,,,,,,,,,,,,,,,,,,,,,,,,,,,,,,,,,,,,,,,,,,,,,,,,,,,,,,,,,,,,,,,,,,,,,,,,,,,,,,,,,,,,,,,,,,,,,,,,,,,,,,,,,,,,,,,,,,,,,,,,,,,,,,,,,,#E2E8F0,рџЏЃ,#FECACA,вќЊ,#FECACA,вќЊ
66,43,BP7,Closure,B7.E,Dead вЂ” Withdrawal,a,Abandoned,permits.status,Abandoned,122,null (DEAD),`DEAD_STATUS_SET`,File abandoned by applicant,(terminal),,,,,,,,,,,,,,,,,,,,,,,,,,,,,,,,,,,,,,,,,,,,,,,,,,,,,,,,,,,,,,,,,,,,,,,,,,,,,,,,,,,,,,,,,,,,,,,,,,,,,,,,,,,,,,,,,,,,,,,,,,,,,,,,,,,,,,,,,,,,,,,,,,,,,,,,,#E2E8F0,рџЏЃ,#FEE2E2,рџ—‘пёЏ,#FEE2E2,рџ—‘пёЏ
67,44,BP7,Closure,B7.E,Dead вЂ” Withdrawal,b,Application Withdrawn,permits.status,Application Withdrawn,49,null (DEAD),`DEAD_STATUS_SET`,Applicant explicitly withdrew,(terminal),,,,,,,,,,,,,,,,,,,,,,,,,,,,,,,,,,,,,,,,,,,,,,,,,,,,,,,,,,,,,,,,,,,,,,,,,,,,,,,,,,,,,,,,,,,,,,,,,,,,,,,,,,,,,,,,,,,,,,,,,,,,,,,,,,,,,,,,,,,,,,,,,,,,,,,,,#E2E8F0,рџЏЃ,#FEE2E2,рџ—‘пёЏ,#FEE2E2,рџ—‘пёЏ
68,47,BP7,Closure,B7.E,Dead вЂ” Withdrawal,c,Not Accepted,permits.status,Not Accepted,9,null (DEAD),`DEAD_STATUS_SET`,Application not accepted at intake,(terminal),,,,,,,,,,,,,,,,,,,,,,,,,,,,,,,,,,,,,,,,,,,,,,,,,,,,,,,,,,,,,,,,,,,,,,,,,,,,,,,,,,,,,,,,,,,,,,,,,,,,,,,,,,,,,,,,,,,,,,,,,,,,,,,,,,,,,,,,,,,,,,,,,,,,,,,,,#E2E8F0,рџЏЃ,#FEE2E2,рџ—‘пёЏ,#FEE2E2,рџ—‘пёЏ
69,49,BP7,Closure,B7.F,Dead вЂ” Revocation,a,Permit Revoked,permits.status,Permit Revoked,2,null (DEAD),`DEAD_STATUS_SET`,"City def: ""The Permit has been revoked""",(terminal),,,,,,,,,,,,,,,,,,,,,,,,,,,,,,,,,,,,,,,,,,,,,,,,,,,,,,,,,,,,,,,,,,,,,,,,,,,,,,,,,,,,,,,,,,,,,,,,,,,,,,,,,,,,,,,,,,,,,,,,,,,,,,,,,,,,,,,,,,,,,,,,,,,,,,,,,#E2E8F0,рџЏЃ,#FECACA,рџљ«,#FECACA,рџљ«
70,50,BP7,Closure,B7.F,Dead вЂ” Revocation,b,Revoked,permits.status,Revoked,2,null (DEAD),`DEAD_STATUS_SET` вЂ” В§3 says P20 should fire here; doesn't,Variant of #49,(terminal),,,,,,,,,,,,,,,,,,,,,,,,,,,,,,,,,,,,,,,,,,,,,,,,,,,,,,,,,,,,,,,,,,,,,,,,,,,,,,,,,,,,,,,,,,,,,,,,,,,,,,,,,,,,,,,,,,,,,,,,,,,,,,,,,,,,,,,,,,,,,,,,,,,,,,,,,#E2E8F0,рџЏЃ,#FECACA,рџљ«,#FECACA,рџљ«
71,45,BP7,Closure,B7.G,Dead вЂ” Enforcement,a,Work Suspended,permits.status,Work Suspended,18,null (DEAD),`DEAD_STATUS_SET`,Construction suspended by city order,(terminal),,,,,,,,,,,,,,,,,,,,,,,,,,,,,,,,,,,,,,,,,,,,,,,,,,,,,,,,,,,,,,,,,,,,,,,,,,,,,,,,,,,,,,,,,,,,,,,,,,,,,,,,,,,,,,,,,,,,,,,,,,,,,,,,,,,,,,,,,,,,,,,,,,,,,,,,,#E2E8F0,рџЏЃ,#FECACA,в›”,#FECACA,в›”
72,46,BP7,Closure,B7.G,Dead вЂ” Enforcement,b,VIOLATION,permits.status,VIOLATION,16,null (DEAD),`DEAD_STATUS_SET`,"City def: ""There is an Inspection Order against this Permit""",(terminal),,,,,,,,,,,,,,,,,,,,,,,,,,,,,,,,,,,,,,,,,,,,,,,,,,,,,,,,,,,,,,,,,,,,,,,,,,,,,,,,,,,,,,,,,,,,,,,,,,,,,,,,,,,,,,,,,,,,,,,,,,,,,,,,,,,,,,,,,,,,,,,,,,,,,,,,,#E2E8F0,рџЏЃ,#FECACA,в›”,#FECACA,в›”
73,48,BP7,Closure,B7.G,Dead вЂ” Enforcement,c,Order Issued,permits.status,Order Issued,7,null (DEAD),`DEAD_STATUS_SET`,Compliance order against permit,(terminal),,,,,,,,,,,,,,,,,,,,,,,,,,,,,,,,,,,,,,,,,,,,,,,,,,,,,,,,,,,,,,,,,,,,,,,,,,,,,,,,,,,,,,,,,,,,,,,,,,,,,,,,,,,,,,,,,,,,,,,,,,,,,,,,,,,,,,,,,,,,,,,,,,,,,,,,,#E2E8F0,рџЏЃ,#FECACA,в›”,#FECACA,в›”
74,51,BP7,Closure,B7.H,Dead вЂ” Other,a,Cancelled,permits.status,Cancelled,1,null (DEAD),`DEAD_STATUS_SET` вЂ” В§3 says P19 should fire here; doesn't,Application cancelled,(terminal),,,,,,,,,,,,,,,,,,,,,,,,,,,,,,,,,,,,,,,,,,,,,,,,,,,,,,,,,,,,,,,,,,,,,,,,,,,,,,,,,,,,,,,,,,,,,,,,,,,,,,,,,,,,,,,,,,,,,,,,,,,,,,,,,,,,,,,,,,,,,,,,,,,,,,,,,#E2E8F0,рџЏЃ,#FEE2E2,рџ—‘пёЏ,#FEE2E2,рџ—‘пёЏ
75,53,BP7,Closure,B7.H,Dead вЂ” Other,b,Follow-up Required,permits.status,Follow-up Required,1,null (DEAD),`DEAD_STATUS_SET`,Follow-up flag on file,(terminal),,,,,,,,,,,,,,,,,,,,,,,,,,,,,,,,,,,,,,,,,,,,,,,,,,,,,,,,,,,,,,,,,,,,,,,,,,,,,,,,,,,,,,,,,,,,,,,,,,,,,,,,,,,,,,,,,,,,,,,,,,,,,,,,,,,,,,,,,,,,,,,,,,,,,,,,,#E2E8F0,рџЏЃ,#FEE2E2,рџ—‘пёЏ,#FEE2E2,рџ—‘пёЏ
76,100,I1,Site Prep & Foundations,B1.A,Site Prep,a,Site Grading,insp.stage,Site Grading Inspection,"4,921",P9,matches `site grading`,First site-prep inspection (grading work),в†© same stage if `status='Not Passed'` (re-inspection),,вњ“,,,,,,вњ“,,,,,,вњ“,,,,,,,,,,,,,,,,,,,,,,,,,,,,,,,,,,,,,,,,,,,,,,,,,,,,,,,,,,,,,,,,,,,,,,,,,,,,,,,,,,,,,,,,,,,,,,,,,,,,,,,,,,,,,,,,,,,,,,,,,,,,,,,,,,,,,,,вњ“,,,,#FEF3C7,рџЄЁ,#FEF3C7,рџЄЁ,#FEF3C7,рџЄЁ
77,101,I1,Site Prep & Foundations,B1.A,Site Prep,b,Excavation/Shoring,insp.stage,Excavation/Shoring,"6,735",P9,matches `excavation`,Excavation and shoring inspection,в†© same stage if Not Passed,,вњ“,,,,вњ“,,,,,,вњ“,,,,,,,,,,,,,,,,,,,,,,,,,,,,,,,,,,,,,,,,,,,,,,,,,,,,,,,,,,,,,,,,,,,,,,,,,,,,,,,,,,,,,,,,,,,,,,,,,,,,,,,,,,,,,,,,,,,,,,,,,,,,,,,,,,,,,,,,,вњ“,,,,#FEF3C7,рџЄЁ,#FEF3C7,рџЄЁ,#FEF3C7,рџЄЁ
78,102,I1,Site Prep & Foundations,B1.A,Site Prep,c,Demolition,insp.stage,Demolition,"1,012",P9,matches `demolition`,Demolition inspection,в†© same stage if Not Passed,,,,,,,,,,вњ“,,,,,,,,,,вњ“,,,,вњ“,,,,,,,,,,,,,,,,,,,,,,,,,,,,,,,,,,,,,,,,,,,,,,,,,,,,,,,,,,,,,,,,,,,,,,,,,,,,,,,,,,,,,,,,,,,,,,,,,,,,,,,,,,,,,,,,,,,,,,,,,,,,,вњ“,,,,#FEF3C7,рџЄЁ,#FEF3C7,рџЄЁ,#FEF3C7,рџЄЁ
79,103,I1,Site Prep & Foundations,B1.B,Foundations,a,Footings/Foundations,insp.stage,Footings/Foundations,"7,600",P10,matches `footings`,Footings and foundations inspection,в†© same stage if Not Passed,,,,,,,,,,,,,,,,,,вњ“,,,,вњ“,,,,,,,,,,,,,,,,,,,,,,,,,,,,,,,,,,,,,,,,,,,,,,,,,,,,,,,,,,,,,,,,,,,,,,,,,,,,,,,,,,,,,,,,,,,,,,,,,,,,,,,,,,,,,,,,,,,,,,,,,,,,,,,вњ“,,,,#FEF3C7,рџЄЁ,#FEF3C7,рџЄЁ,#FEF3C7,рџЄЁ
80,104,I1,Site Prep & Foundations,B1.B,Foundations,b,Foundation,insp.stage,Foundation,2,P10,matches `=== 'foundation'` (exact equality),Foundation inspection (low-count variant),в†© same stage if Not Passed,,,,,,,,,,,,,,,,,,вњ“,,,,вњ“,,,,,,вњ“,,,,вњ“,,,,вњ“,,,,вњ“,,,,,,,,,,,,,,,,,,,,,,,,,,,,,,,,,,,,,,,,,,,,,,,,,,,,,,,,,,,,,,,,,,,,,,,,,,,,,,,,,,,,,,,,,,,,,,,,,,,,,,,,,,,,,вњ“,,,,#FEF3C7,рџЄЁ,#FEF3C7,рџЄЁ,#FEF3C7,рџЄЁ
81,105,I2,Structural & MEP,B2.A,Framing,a,Structural Framing,insp.stage,Structural Framing,"9,592",P11,matches `structural framing`,"Structural framing inspection вЂ” house is now a ""box""",в†© same stage if Not Passed,,,,,,,,,,,,,,,,,,,,,,,,,,вњ“,,,,вњ“,,,,вњ“,,,,вњ“,,,,,,,,,,вњ“,,,,вњ“,,,,,,,,,,,,,,,,,,,,,,,,,,,,,,,,,,,,,,,,,,,,,,,,,,,,,,,,,,,,,,,,,,,,,,,,,,,,,,,,,,,,,,,,,,,,,,,,,вњ“,,,,#E0F2FE,рџ”§,#E0F2FE,рџ”§,#E0F2FE,рџ”§
82,106,I2,Structural & MEP,B2.B,MEP Rough-in,a,HVAC Rough-in,insp.stage,HVAC/Extraction Rough-in,883,P12,matches `hvac`,HVAC rough-in inspection,в†© same stage if Not Passed,,,,,,,,,,,,,,,,,,,,,,,,,,,,,,,,,,,,,,,,,,,,вњ“,,вњ“,,,,вњ“,,,,,,,,,,,,,,,,,,,,,,,,,,,,,,,,,,,,,,,,,,,,,,,,,,,,,,,,,,,,,,,,,,,,,,,,,,,,,,,,,,,,,,,,,,,,,,,,,,,вњ“,,,,#E0F2FE,рџ”§,#E0F2FE,рџ”§,#E0F2FE,рџ”§
83,107,I2,Structural & MEP,B2.B,MEP Rough-in,b,Water Service,insp.stage,Water Service,888,P12,matches `water service`,Water service inspection,в†© same stage if Not Passed,,,,,,,,,,,,,,,,,,,,,,,,,,,,,,,,,,,,,,,,,,вњ“,,,,,,,,,,,,,,,,,,,,,,,,,,,,,,,,,,,,,,,,,,,,,,,,,,,,,,,,,,,,,,,,,,,,,,,,,,,,,,,,,,,,,,,,,,,,,,,,,,,,,,,,,,,вњ“,,,,#E0F2FE,рџ”§,#E0F2FE,рџ”§,#E0F2FE,рџ”§
84,108,I2,Structural & MEP,B2.B,MEP Rough-in,c,Water Distribution,insp.stage,Water Distribution,911,P12,matches `water distribution`,Water distribution inspection,в†© same stage if Not Passed,,,,,,,,,,,,,,,,,,,,,,,,,,,,,,,,,,,,,,,,,,вњ“,,,,,,,,,,,,,,вњ“,,,,,,,,,,,,,,,,,,,,,,,,,,,,,,,,,,,,,,,,,,,,,,,,,,,,,,,,,,,,,,,,,,,,,,,,,,,,,,,,,,,,,,,,,,,,,вњ“,,,,#E0F2FE,рџ”§,#E0F2FE,рџ”§,#E0F2FE,рџ”§
85,109,I2,Structural & MEP,B2.B,MEP Rough-in,d,Drain/Waste/Vents,insp.stage,Drain/Waste/Vents,910,P12,matches `drain`,Drainage and venting inspection,в†© same stage if Not Passed,,,,,,,,,,,,,,,,,,,,,,,,,,,,,,,,,,,,,,,,,,вњ“,,,,,,,,,,,,вњ“,,,,,,,,,,,,,,,,,,,,,,,,,,,,,,,,,,,,,,,,,,,,,,,,,,,,,,,,,,,,,,,,,,,,,,,,,,,,,,,,,,,,,,,,,,,,,,,вњ“,,,,#E0F2FE,рџ”§,#E0F2FE,рџ”§,#E0F2FE,рџ”§
86,110,I2,Structural & MEP,B2.B,MEP Rough-in,e,Sewers/Drains/Sewage,insp.stage,Sewers/Drains/Sewage System,890,P12,matches `drain` first (same P12 output as `sewers`),Sewer/drainage system inspection,в†© same stage if Not Passed,,,,,,,,,,,,,,,,,,,,,,,,,,,,,,,,,,,,,,,,,,вњ“,,,,,,,,,,,,вњ“,,,,,,вњ“,,,,,,,,,,,,,,,,,,,,,,,,,,,,,,,,,,,,,,,,,,,,,,,,,,,,,,,,,,,,,,,,,,,,,,,,,,,,,,,,,,,,,,,,,вњ“,,,,#E0F2FE,рџ”§,#E0F2FE,рџ”§,#E0F2FE,рџ”§
87,111,I2,Structural & MEP,B2.B,MEP Rough-in,f,Fire Service,insp.stage,Fire Service,889,P12,matches `fire service`,Fire service piping inspection,в†© same stage if Not Passed,,,,,,,,,,,,,,,,,,,,,,,,,,,,,,,,,,,,,,,,,,,,,,,,,,,,,,,,,,вњ“,,,,,,,,,,,,,,,,,,,,,,,,,,,,,,,,,,,,,,,,,,,,,,,,,,,,,,,,,,,,,,,,,,,,,,,,,,,,,,,,,,,,,,,,,,,вњ“,,,,#E0F2FE,рџ”§,#E0F2FE,рџ”§,#E0F2FE,рџ”§
88,112,I2,Structural & MEP,B2.B,MEP Rough-in,g,Fire Access Routes,insp.stage,Fire Access Routes,"2,277",P12,matches `fire access`,Fire access route inspection,в†© same stage if Not Passed,,,,,,,,,,,,,,,,,,,,,,,,,,,,,,,,,,,,,,,,,,,,,,,,,,,,,,,,,,вњ“,,,,,,,,,,,,,,,,,,,,,,,,,,,,,,,,,,,,,,,,,,,,,,,,,,,,,,,,,,,,,,,,,,,,,,,,,,,,,,,,,,,,,,,,,,,вњ“,,,,#E0F2FE,рџ”§,#E0F2FE,рџ”§,#E0F2FE,рџ”§
89,113,I2,Structural & MEP,B2.B,MEP Rough-in,h,Fire Protection Systems,insp.stage,Fire Protection Systems,"5,969",P12,matches `fire protection`,Fire protection system inspection,в†© same stage if Not Passed,,,,,,,,,,,,,,,,,,,,,,,,,,,,,,,,,,,,,,,,,,,,,,,,,,,,,,,,,,вњ“,,,,,,,,,,вњ“,,,,,,,,,,,,,,,,,,,,,,,,,,,,,,,,,,,,,,,,,,,,,,,,,,,,,,,,,,,,,,,,,,,,,,,,,,,,,,,,,вњ“,,,,#E0F2FE,рџ”§,#E0F2FE,рџ”§,#E0F2FE,рџ”§
90,114,I3,Enclosure & Finishes,B3.A,Insulation,a,Insulation/Vapour Barrier,insp.stage,Insulation/Vapour Barrier,"8,775",P13,matches `insulation`,Insulation and vapour barrier inspection вЂ” house is sealed,в†© same stage if Not Passed,,,,,,,,,,,,,,,,,,,,,,,,,,,,,,,,,,,,,,,,,,,,,,,,,,,,,,,,,,,,,,,,,,вњ“,,,,,,,,,,,,,,,,,,,,,,,,,,,,,,,,,,,,,,,,,,,,,,,,,,,,,,,,,,,,,,,,,,,,,,,,,,,,,,,,,,,вњ“,,,,#D1FAE5,рџЋЁ,#D1FAE5,рџЋЁ,#D1FAE5,рџЋЁ
91,115,I3,Enclosure & Finishes,B3.A,Insulation,b,Insulation,insp.stage,Insulation,1,P13,matches `insulation`,Insulation inspection (low-count variant),в†© same stage if Not Passed,,,,,,,,,,,,,,,,,,,,,,,,,,,,,,,,,,,,,,,,,,,,,,,,,,,,,,,,,,,,,,,,,,,,,,,,,,,,,,,,,,,,,,,,,,,,,,,,,,,,,,,,,,,,,,,,,,,,,,,,,,,,,,,,,,,,,,,,,,,,,,,,,,,,,вњ“,,,,#D1FAE5,рџЋЁ,#D1FAE5,рџЋЁ,#D1FAE5,рџЋЁ
92,116,I3,Enclosure & Finishes,B3.A,Insulation,c,Insulation & AirBarrier,insp.stage,Insulation & Vapour/AirBarrier Passed on,1,P13,matches `insulation`,Insulation/air barrier inspection (data-quality variant),в†© same stage if Not Passed,,,,,,,,,,,,,,,,,,,,,,,,,,,,,,,,,,,,,,,,,,,,,,,,,,,,,,,,,,,,,,,,,,,,,,,,,,,,,,,,вњ“,,,,,,,,,,,,,,,,,,,,,,,,,,,,,,,,,,,,,,,,,,,,,,,,,,,,,,,,,,,,,,,,,,,,,вњ“,,,,#D1FAE5,рџЋЁ,#D1FAE5,рџЋЁ,#D1FAE5,рџЋЁ
93,117,I3,Enclosure & Finishes,B3.B,Fire Sep,a,Fire Separations,insp.stage,Fire Separations,"7,035",P14,matches `fire separations`,Fire separations inspection вЂ” drywall anchor,в†© same stage if Not Passed,,,,,,,,,,,,,,,,,,,,,,,,,,,,,,,,,,,,,,,,,,,,,,,,,,,,,,,,,,,,,,,,,,,,,,,,,,,,,,вњ“,,,,,,вњ“,,,,вњ“,,,,вњ“,,,,вњ“,,,,вњ“,,,,вњ“,,,,вњ“,,,,,,,,,,,,,,,,,,,,,,,,,,,,,,,,,,,,,,,,,вњ“,,,,#D1FAE5,рџЋЁ,#D1FAE5,рџЋЁ,#D1FAE5,рџЋЁ
94,118,I3,Enclosure & Finishes,B3.C,Interior Finals,a,Interior Final,insp.stage,Interior Final Inspection,"6,462",P15,matches `interior final`,Interior finals inspection,в†© same stage if Not Passed,,,,,,,,,,,,,,,,,,,,,,,,,,,,,,,,,,,,,,,,,,,,,,,,,,,,,,,,,,,,,,,,,,,,,,,,,,,,,,вњ“,,,,вњ“,,,,вњ“,,,,вњ“,,,,вњ“,,,,вњ“,,,,вњ“,,,,вњ“,,,,,,,,,,,,,,,,,,,,,,,,,,,,,,,,,,,,,,,,,,,вњ“,,,,#D1FAE5,рџЋЁ,#D1FAE5,рџЋЁ,#D1FAE5,рџЋЁ
95,119,I3,Enclosure & Finishes,B3.C,Interior Finals,b,Plumbing Final,insp.stage,Plumbing Final,914,P15,matches `plumbing final`,Plumbing final inspection,в†© same stage if Not Passed,,,,,,,,,,,,,,,,,,,,,,,,,,,,,,,,,,,,,,,,,,,,,,,,,,,,,,,,,,,,,,,,,,,,,,,,,,,,,,,,,,,,,,,,,,,,,,,,,,,,,,,,,,,,,,,,,,,,,,,,,,,,,,,,,,,,,,,,,,,,,,,,,,,,,вњ“,,,,#D1FAE5,рџЋЁ,#D1FAE5,рџЋЁ,#D1FAE5,рџЋЁ
96,120,I3,Enclosure & Finishes,B3.C,Interior Finals,c,HVAC Final,insp.stage,HVAC Final,883,P15,matches `hvac final`,HVAC final inspection,в†© same stage if Not Passed,,,,,,,,,,,,,,,,,,,,,,,,,,,,,,,,,,,,,,,,,,,,,,вњ“,,,,,,,,,,,,,,,,,,вњ“,,,,,,,,вњ“,,,,вњ“,,,,,,,,,,,,,,,,,,,,,,,,,,,,,,,,,,,,вњ“,,,,вњ“,,,,вњ“,,,,,,,,,,,,,,,,,,,,,,,,,,,,,вњ“,,,,#D1FAE5,рџЋЁ,#D1FAE5,рџЋЁ,#D1FAE5,рџЋЁ
97,121,I3,Enclosure & Finishes,B3.D,Exterior Finals,a,Exterior Final,insp.stage,Exterior Final Inspection,"7,432",P16,matches `exterior final`,"Exterior finals inspection (cladding, grading)",в†© same stage if Not Passed,,,,,,,,,,,,,,,,,,,,,,,,,,,,,,,,,,,,,,,,,,,,,,,,,,,,,,,,,,,,,,вњ“,,,,,,,,вњ“,,,,вњ“,,,,,,,,,,,,,,,,,,,,,,,,,,,,,,,,,,,,вњ“,,,,вњ“,,,,вњ“,,,,,,вњ“,,,,вњ“,,,,вњ“,,,,вњ“,,,,вњ“,,,,вњ“,,,,,вњ“,,,,#D1FAE5,рџЋЁ,#D1FAE5,рџЋЁ,#D1FAE5,рџЋЁ
98,122,I4,Final / Specialty,B4.A,Project Final,a,Occupancy,insp.stage,Occupancy,"8,965",P17,matches `occupancy`,Occupancy granted,(terminal),,,,,,,,,,,,,,,,,,,,,,,,,,,,,,,,,,,,,,,,,,,,,,,,,,,,,,,,,,,,,,,,,,,,,,,,,,,,,,,,,,,,,,,,,,,,,,,,,,,,,,,,,,,,,,,,,,,,,,,,,,вњ“,,,,вњ“,,,,вњ“,,,,вњ“,,,,вњ“,,,,вњ“,,,,,,,вњ“,,,вњ“,#FEF3C7,рџЏ†,#FEF3C7,рџЏ†,#DCFCE7,вњ…
99,123,I4,Final / Specialty,B4.A,Project Final,b,Final Inspection,insp.stage,Final Inspection,"1,060",P17,matches `final inspection`,Project final inspection,(terminal),,,,,,,,,,,,,,,,,,,,,,,,,,,,,,,,,,,,,,,,,,,,,,,,,,,,,,,,,,,,,,,,,,,,,,,,,,,,,,,,,,,,,,,,,,,,,,,,,,,,,,,,,,,,,,,,,,,,,,,,,,,,,,,,,,,,,,,,,,,,,,,,,,,,вњ“,вњ“,,,,#FEF3C7,рџЏ†,#FEF3C7,рџЏ†,#DCFCE7,вњ…
100,124,I4,Final / Specialty,B4.B,Specialty,a,Pool Suction/Gravity,insp.stage,Pool Suction/Gravity Outlets,"2,232",UNMAPPEDв†’P17 fallback,No substring match,"Pool inspection вЂ” specialty, no В§3 phase target",вЂ”,,,,,,,,,,,,,,,,,,,,,,,,,,,,,,,,,,,,,,,,,,,,,,,,,,,,,,,,,,,,,,,,,,,,,,,,,,,,,,,,,,,,,,,,,,,,,,,,,,,,,,,,,,,,,,,,,,,,,,,,,,,,,,,,,,,,,,,,,,,,,,,,,,вњ“,,,вњ“,,,,#FEF3C7,рџЏ†,#FEF3C7,рџЏ†,#E5E7EB,рџђ›
101,125,I4,Final / Specialty,B4.B,Specialty,b,Pool Circulation,insp.stage,Pool Circulation System,"2,232",UNMAPPEDв†’P17 fallback,No substring match,Pool inspection вЂ” specialty,вЂ”,,,,,,,,,,,,,,,,,,,,,,,,,,,,,,,,,,,,,,,,,,,,,,,,,,,,,,,,,,,,,,,,,,,,,,,,,,,,,,,,,,,,,,,,,,,,,,,,,,,,,,,,,,,,,,,,,,,,,,,,,,,,,,,,,,,,,,,,,,,,,,,,,,вњ“,,,вњ“,,,,#FEF3C7,рџЏ†,#FEF3C7,рџЏ†,#E5E7EB,рџђ›
102,126,I4,Final / Specialty,B4.B,Specialty,c,Repair/Retrofit,insp.stage,Repair/Retrofit,"1,132",UNMAPPEDв†’P17 fallback,No substring match,Repair / retrofit inspection вЂ” specialty,вЂ”,,,,,,,,,,,,,,,,,,,,,,,,,,,,,,,,,,,,,,,,,,,,,,,,,,,,,,,,,,,,,,,,,,,,,,,,,,,,,,,,,,,,,,,,,,,,,,,,,,,,,,,,,,,,,,,,,,,,,,,,,,,,,,,,,,,,,,,,,,,,,,,,,,,,,вњ“,,,,#FEF3C7,рџЏ†,#FEF3C7,рџЏ†,#E5E7EB,рџђ›
103,127,I4,Final / Specialty,B4.B,Specialty,d,Change of Use,insp.stage,Change of Use,"1,017",UNMAPPEDв†’P17 fallback,No substring match,Change-of-use inspection вЂ” specialty,вЂ”,,,,,,,,,,,,,,,,,,,,,,,,,,,,,,,,,,,,,,,,,,,,,,,,,,,,,,,,,,,,,,,,,,,,,,,,,,,,,,,,,,,,,,,,,,,,,,,,,,,,,,,,,,,,,,,,,,,,,,,,,,,,,,,,,,,,,,,,,,,,,,,,,,,,,вњ“,,,,#FEF3C7,рџЏ†,#FEF3C7,рџЏ†,#E5E7EB,рџђ›
104,128,I4,Final / Specialty,B4.B,Specialty,e,System,insp.stage,System,"1,010",UNMAPPEDв†’P17 fallback,No substring match,"Generic ""System"" inspection вЂ” specialty",вЂ”,,,,,,,,,,,,,,,,,,,,,,,,,,,,,,,,,,,,,,,,,,,,,,,,,,,,,,,,,,,,,,,,,,,,,,,,,,,,,,,,,,,,,,,,,,,,,,,,,,,,,,,,,,,,,,,,,,,,,,,,,,,,,,,,,,,,,,,,,,,,,,,,,,,,,вњ“,,,,#FEF3C7,рџЏ†,#FEF3C7,рџЏ†,#E5E7EB,рџђ›
105,129,I4,Final / Specialty,B4.B,Specialty,f,Security Device,insp.stage,Security Device,"1,006",UNMAPPEDв†’P17 fallback,No substring match,Security device inspection вЂ” specialty,вЂ”,,,,,,,,,,,,,,,,,,,,,,,,,,,,,,,,,,,,,,,,,,,,,,,,,,,,,,,,,,,,,,,,,,,,,,,,,,,,,,,,,,,,,,,,,,,,,,,,,,,,,,,,,,вњ“,,,,,,,,,,,,,,,,,,,,,,,,,,,,,,,,,,,,,,,,,,,вњ“,,,,#FEF3C7,рџЏ†,#FEF3C7,рџЏ†,#E5E7EB,рџђ›
106,130,I4,Final / Specialty,B4.B,Specialty,g,Tent/Portable Classroom,insp.stage,Tent/Portable Classroom,"1,005",UNMAPPEDв†’P17 fallback,No substring match,Tent / portable classroom inspection вЂ” specialty,вЂ”,,,,,,,,,,,,,,,,,,,,,,,,,,,,,,,,,,,,,,,,,,,,,,,,,,,,,,,,,,,,,,,,,,,,,,,,,,,,,,,,,,,,,,,,,,,,,,,,,,,,,,,,,,,,,,,,,,,,,,,,,,,,,,,,,,,,,,,,,,,,,,,,,,,,,вњ“,,,,#FEF3C7,рџЏ†,#FEF3C7,рџЏ†,#E5E7EB,рџђ›
107,131,I4,Final / Specialty,B4.C,Data-Quality Outliers,a,Final Interior,insp.stage,Final Interior,1,UNMAPPEDв†’P17 fallback,Word-order issue вЂ” likely meant `interior final` (P15),Data-quality outlier (single row),вЂ”,,,,,,,,,,,,,,,,,,,,,,,,,,,,,,,,,,,,,,,,,,,,,,,,,,,,,,,,,,,,,,,,,,,,,,,,,,,,,,,,,,,,,,,,,,,,,,,,,,,,,,,,,,,,,,,,,,,,,,,,,,,,,,,,,,,,,,,,,,,,,,,,,,,,,вњ“,,,,#FEF3C7,рџЏ†,#FEF3C7,рџЏ†,#E5E7EB,рџђ›
108,132,I4,Final / Specialty,B4.C,Data-Quality Outliers,b,HVAC Permit?,insp.stage,HVAC Permit?,1,P12,Matches `hvac`; `?` flags data-quality,"Data-quality outlier (single row, source-side question mark)",вЂ”,,,,,,,,,,,,,,,,,,,,,,,,,,,,,,,,,,,,,,,,,,,,,,,,,,,,,,,,,,,,,,,,,,,,,,,,,,,,,,,,,,,,,,,,,,,,,,,,,,,,,,,,,,,,,,,,,,,,,,,,,,,,,,,,,,,,,,,,,,,,,,,,,,,,,вњ“,,,,#FEF3C7,рџЏ†,#FEF3C7,рџЏ†,#E5E7EB,рџђ›
109,133,I4,Final / Specialty,B4.C,Data-Quality Outliers,c,Survey,insp.stage,Survey,1,UNMAPPEDв†’P17 fallback,"Likely admin survey, not a construction phase",Data-quality outlier (single row),вЂ”,,,,,,,,,,,,,,,,,,,,,,,,,,,,,,,,,,,,,,,,,,,,,,,,,,,,,,,,,,,,,,,,,,,,,,,,,,,,,,,,,,,,,,,,,,,,,,,,,,,,,,,,,,,,,,,,,,,,,,,,,,,,,,,,,,,,,,,,,,,,,,,,,,,,,вњ“,,,,#FEF3C7,рџЏ†,#FEF3C7,рџЏ†,#E5E7EB,рџђ›
110,134,I4,Final / Specialty,B4.C,Data-Quality Outliers,d,Survey Submitted?,insp.stage,Survey Submitted?,1,UNMAPPEDв†’P17 fallback,Same as #133,"Data-quality outlier (single row, source-side question mark)",вЂ”,,,,,,,,,,,,,,,,,,,,,,,,,,,,,,,,,,,,,,,,,,,,,,,,,,,,,,,,,,,,,,,,,,,,,,,,,,,,,,,,,,,,,,,,,,,,,,,,,,,,,,,,,,,,,,,,,,,,,,,,,,,,,,,,,,,,,,,,,,,,,,,,,,,,,вњ“,,,,#FEF3C7,рџЏ†,#FEF3C7,рџЏ†,#E5E7EB,рџђ›